SEASON,TEAM_ID,TEAM_NAME,PPP_Transition,PPP_Isolation,PPP_Spotup,PPP_PRBallHandler,PPP_PRRollman,PPP_Handoff,PPP_Cut,PPP_OffScreen,PPP_OffRebound,PPP_Postup,PPP_Misc,POSS_PCT_Transition,POSS_PCT_Isolation,POSS_PCT_Spotup,POSS_PCT_PRBallHandler,POSS_PCT_PRRollman,POSS_PCT_Handoff,POSS_PCT_Cut,POSS_PCT_OffScreen,POSS_PCT_OffRebound,POSS_PCT_Postup,POSS_PCT_Misc,USAGE_SUM,WINS,LOSSES,WIN_PCT
2015-16,1610612737,Atlanta Hawks,1.118,0.803,0.978,0.733,1.029,0.929,1.216,0.959,1.046,0.97,0.572,0.149,0.056,0.21,0.167,0.086,0.043,0.084,0.061,0.034,0.057,0.053,1.0,48,34,0.585
2015-16,1610612738,Boston Celtics,1.102,0.783,0.937,0.781,0.956,0.862,1.258,0.952,1.017,0.869,0.564,0.163,0.052,0.199,0.143,0.073,0.066,0.068,0.061,0.056,0.059,0.06,1.0,48,34,0.585
2015-16,1610612739,Cleveland Cavaliers,1.196,0.845,1.054,0.816,1.158,0.895,1.227,1.015,1.021,0.886,0.511,0.132,0.089,0.202,0.179,0.063,0.032,0.07,0.047,0.045,0.081,0.06,1.0000000000000002,57,25,0.695
2015-16,1610612740,New Orleans Pelicans,1.14,0.797,0.932,0.847,1.034,0.914,1.236,1.07,1.002,0.83,0.519,0.128,0.073,0.189,0.205,0.086,0.037,0.06,0.05,0.053,0.064,0.056,1.001,30,52,0.366
2015-16,1610612741,Chicago Bulls,0.995,0.815,1.025,0.829,0.979,0.877,1.215,0.944,0.988,0.809,0.491,0.117,0.064,0.198,0.183,0.065,0.051,0.079,0.038,0.063,0.082,0.06,1.0,42,40,0.512
2015-16,1610612742,Dallas Mavericks,1.155,0.885,1.012,0.801,1.034,0.868,1.242,0.869,0.982,0.941,0.613,0.096,0.063,0.221,0.178,0.075,0.035,0.082,0.07,0.039,0.08,0.06,0.999,42,40,0.512
2015-16,1610612743,Denver Nuggets,1.133,0.71,0.904,0.754,1.045,0.894,1.19,1.023,1.021,0.874,0.593,0.134,0.062,0.194,0.172,0.077,0.05,0.087,0.029,0.064,0.068,0.063,1.0,33,49,0.402
2015-16,1610612744,Golden State Warriors,1.158,0.927,1.097,0.98,0.993,1.066,1.249,1.062,0.914,0.801,0.575,0.175,0.063,0.166,0.105,0.051,0.028,0.107,0.118,0.048,0.061,0.079,1.001,73,9,0.89
2015-16,1610612745,Houston Rockets,1.107,0.871,0.961,0.832,1.027,0.874,1.181,0.964,1.039,0.83,0.564,0.19,0.094,0.203,0.133,0.048,0.031,0.074,0.033,0.056,0.064,0.072,0.998,41,41,0.5
2015-16,1610612746,LA Clippers,1.144,0.921,1.023,0.879,1.047,0.85,1.302,1.046,1.037,0.815,0.606,0.128,0.095,0.17,0.184,0.083,0.056,0.06,0.068,0.04,0.044,0.073,1.001,53,29,0.646
2015-16,1610612747,Los Angeles Lakers,1.001,0.774,0.933,0.847,0.929,0.885,1.239,0.874,1.031,0.766,0.523,0.129,0.106,0.146,0.22,0.052,0.045,0.061,0.051,0.055,0.081,0.055,1.001,17,65,0.207
2015-16,1610612748,Miami Heat,1.08,0.849,0.957,0.819,1.172,0.818,1.24,0.904,1.192,0.831,0.51,0.126,0.067,0.205,0.17,0.076,0.041,0.073,0.046,0.061,0.077,0.06,1.002,48,34,0.585
2015-16,1610612749,Milwaukee Bucks,1.138,0.858,0.897,0.736,1.018,0.898,1.155,0.906,1.082,0.836,0.505,0.138,0.085,0.181,0.125,0.05,0.044,0.111,0.044,0.062,0.101,0.061,1.002,33,49,0.402
2015-16,1610612750,Minnesota Timberwolves,1.136,0.887,0.933,0.741,0.974,0.951,1.341,0.896,1.207,0.908,0.541,0.135,0.071,0.165,0.15,0.084,0.041,0.068,0.072,0.057,0.095,0.064,1.002,29,53,0.354
2015-16,1610612751,Brooklyn Nets,1.067,0.823,0.939,0.752,0.97,0.807,1.175,0.862,0.992,0.889,0.479,0.126,0.068,0.187,0.152,0.097,0.026,0.089,0.043,0.06,0.1,0.051,0.999,21,61,0.256
2015-16,1610612752,New York Knicks,1.019,0.916,0.957,0.776,0.965,0.854,1.181,0.887,1.158,0.877,0.5,0.112,0.093,0.196,0.108,0.055,0.036,0.077,0.061,0.058,0.143,0.061,1.0,32,50,0.39
2015-16,1610612753,Orlando Magic,1.109,0.882,0.959,0.741,1.01,0.865,1.183,0.919,1.101,0.896,0.543,0.134,0.053,0.209,0.163,0.088,0.045,0.069,0.049,0.059,0.07,0.06,0.9990000000000004,35,47,0.427
2015-16,1610612754,Indiana Pacers,1.109,0.777,0.95,0.783,0.97,0.799,1.253,0.978,1.169,0.775,0.522,0.155,0.066,0.152,0.176,0.067,0.045,0.084,0.083,0.049,0.059,0.064,1.0,45,37,0.549
2015-16,1610612755,Philadelphia 76ers,1.051,0.735,0.937,0.676,0.949,0.901,1.075,0.877,1.123,0.855,0.425,0.152,0.085,0.221,0.138,0.066,0.053,0.084,0.033,0.053,0.063,0.053,1.001,10,72,0.122
2015-16,1610612756,Phoenix Suns,1.077,0.783,0.953,0.771,1.033,0.706,1.119,0.929,1.092,0.747,0.447,0.145,0.064,0.183,0.165,0.056,0.042,0.074,0.056,0.063,0.081,0.071,1.0,23,59,0.28
2015-16,1610612757,Portland Trail Blazers,1.05,0.875,1.021,0.875,0.99,0.875,1.216,0.909,1.104,0.785,0.553,0.125,0.082,0.185,0.204,0.067,0.054,0.077,0.06,0.057,0.029,0.06,1.0000000000000002,44,38,0.537
2015-16,1610612758,Sacramento Kings,1.086,0.763,0.945,0.783,0.981,0.884,1.169,0.929,1.069,0.905,0.551,0.185,0.076,0.196,0.12,0.063,0.035,0.081,0.06,0.056,0.067,0.061,0.9999999999999998,33,49,0.402
2015-16,1610612759,San Antonio Spurs,1.093,0.908,1.045,0.859,0.948,0.848,1.268,0.982,1.282,0.991,0.459,0.108,0.051,0.214,0.139,0.074,0.04,0.076,0.053,0.047,0.143,0.055,1.0,67,15,0.817
2015-16,1610612760,Oklahoma City Thunder,1.133,0.859,0.956,0.846,1.029,0.839,1.23,0.943,1.075,1.003,0.556,0.16,0.082,0.166,0.17,0.086,0.022,0.079,0.047,0.065,0.066,0.057,1.0,55,27,0.671
2015-16,1610612761,Toronto Raptors,1.211,0.873,1.007,0.902,1.056,0.936,1.251,0.878,0.96,0.805,0.635,0.116,0.081,0.203,0.207,0.054,0.031,0.061,0.069,0.055,0.064,0.059,1.0,56,26,0.683
2015-16,1610612762,Utah Jazz,1.136,0.913,0.97,0.787,1.061,0.837,1.14,0.835,1.067,0.838,0.413,0.105,0.063,0.231,0.18,0.066,0.077,0.093,0.029,0.056,0.041,0.059,1.0,40,42,0.488
2015-16,1610612763,Memphis Grizzlies,1.063,0.862,0.898,0.83,1.007,0.861,1.206,0.915,1.027,0.835,0.595,0.115,0.077,0.179,0.147,0.065,0.036,0.079,0.047,0.069,0.121,0.065,1.0,42,40,0.512
2015-16,1610612764,Washington Wizards,1.101,0.864,0.976,0.778,1.068,0.843,1.215,0.893,0.983,0.84,0.534,0.189,0.049,0.193,0.181,0.068,0.028,0.088,0.054,0.04,0.052,0.058,1.0,41,41,0.5
2015-16,1610612765,Detroit Pistons,1.079,0.78,1.011,0.817,1.017,0.753,1.258,0.774,1.015,0.824,0.582,0.131,0.07,0.187,0.203,0.06,0.03,0.052,0.035,0.079,0.085,0.068,1.0,44,38,0.537
2015-16,1610612766,Charlotte Hornets,1.151,0.752,0.985,0.856,1.097,0.931,1.195,1.035,1.127,0.851,0.59,0.107,0.052,0.218,0.198,0.072,0.054,0.068,0.068,0.041,0.064,0.057,0.999,48,34,0.585
2016-17,1610612737,Atlanta Hawks,1.021,0.852,0.993,0.783,0.911,0.803,1.268,0.954,1.06,0.896,0.586,0.129,0.06,0.196,0.177,0.071,0.044,0.077,0.065,0.055,0.062,0.064,1.0,43,39,0.524
2016-17,1610612738,Boston Celtics,1.059,0.876,1.054,0.904,1.048,0.917,1.316,0.99,1.103,0.93,0.592,0.13,0.055,0.223,0.146,0.068,0.065,0.075,0.066,0.042,0.065,0.065,1.0,53,29,0.646
2016-17,1610612739,Cleveland Cavaliers,1.155,0.99,1.088,0.9,1.071,0.973,1.317,1.022,1.005,0.916,0.506,0.163,0.119,0.197,0.156,0.062,0.025,0.059,0.052,0.042,0.067,0.057,0.9990000000000002,51,31,0.622
2016-17,1610612740,New Orleans Pelicans,1.063,0.849,0.991,0.795,1.076,1.07,1.208,0.8,1.142,0.898,0.582,0.149,0.074,0.214,0.175,0.088,0.03,0.063,0.049,0.046,0.062,0.05,1.0,34,48,0.415
2016-17,1610612741,Chicago Bulls,1.115,0.818,0.987,0.809,0.936,0.813,1.141,0.934,1.077,0.921,0.531,0.128,0.068,0.203,0.189,0.071,0.042,0.066,0.035,0.065,0.077,0.056,1.0000000000000002,41,41,0.5
2016-17,1610612742,Dallas Mavericks,1.029,0.88,1.036,0.836,1.073,0.971,1.294,0.932,1.104,0.924,0.529,0.088,0.105,0.223,0.165,0.084,0.029,0.057,0.091,0.03,0.071,0.058,1.001,33,49,0.402
2016-17,1610612743,Denver Nuggets,1.052,0.941,1.013,0.841,1.08,0.934,1.335,0.934,1.077,0.961,0.523,0.143,0.064,0.198,0.144,0.059,0.062,0.092,0.039,0.064,0.078,0.057,1.0000000000000002,40,42,0.488
2016-17,1610612744,Golden State Warriors,1.207,0.938,1.099,0.883,0.936,0.975,1.333,1.036,1.005,0.779,0.522,0.185,0.057,0.164,0.109,0.04,0.031,0.123,0.13,0.041,0.051,0.07,1.001,67,15,0.817
2016-17,1610612745,Houston Rockets,1.082,0.947,1.03,0.934,1.134,0.907,1.382,0.962,1.08,0.817,0.639,0.18,0.094,0.202,0.182,0.076,0.033,0.074,0.037,0.047,0.021,0.052,0.998,55,27,0.671
2016-17,1610612746,LA Clippers,1.155,0.915,1.065,0.919,1.149,0.913,1.323,0.935,1.099,0.947,0.612,0.124,0.106,0.186,0.178,0.077,0.048,0.055,0.053,0.051,0.059,0.062,0.999,51,31,0.622
2016-17,1610612747,Los Angeles Lakers,1.063,0.874,0.936,0.834,0.996,1.005,1.113,0.998,1.156,0.77,0.521,0.147,0.083,0.148,0.209,0.058,0.061,0.076,0.048,0.057,0.056,0.058,1.001,26,56,0.317
2016-17,1610612748,Miami Heat,1.128,0.846,0.975,0.807,1.061,0.884,1.18,1.039,1.135,0.83,0.535,0.13,0.069,0.217,0.189,0.057,0.057,0.072,0.046,0.061,0.051,0.05,0.9990000000000002,41,41,0.5
2016-17,1610612749,Milwaukee Bucks,1.16,0.735,1.016,0.767,1.122,0.99,1.298,0.942,1.131,0.931,0.481,0.149,0.072,0.213,0.134,0.06,0.048,0.098,0.038,0.05,0.081,0.058,1.001,42,40,0.512
2016-17,1610612750,Minnesota Timberwolves,1.115,0.753,0.96,0.812,1.141,0.958,1.242,1.01,1.133,0.96,0.53,0.136,0.066,0.201,0.166,0.073,0.043,0.068,0.035,0.059,0.101,0.053,1.001,31,51,0.378
2016-17,1610612751,Brooklyn Nets,1.077,0.9,0.934,0.783,1.09,0.968,1.185,0.79,1.154,0.926,0.567,0.151,0.067,0.237,0.162,0.069,0.041,0.063,0.041,0.045,0.074,0.052,1.002,20,62,0.244
2016-17,1610612752,New York Knicks,1.025,0.897,0.992,0.795,1.027,0.944,1.2,0.933,1.021,0.845,0.544,0.129,0.097,0.202,0.155,0.06,0.035,0.078,0.056,0.063,0.067,0.059,1.001,31,51,0.378
2016-17,1610612753,Orlando Magic,1.08,0.869,0.915,0.834,0.931,0.9,1.26,0.908,1.061,0.814,0.462,0.153,0.051,0.187,0.157,0.081,0.05,0.067,0.072,0.052,0.073,0.058,1.001,29,53,0.354
2016-17,1610612754,Indiana Pacers,1.077,0.942,1.053,0.885,0.991,0.884,1.265,0.933,1.092,0.932,0.437,0.139,0.081,0.16,0.173,0.088,0.031,0.078,0.078,0.045,0.072,0.056,1.001,42,40,0.512
2016-17,1610612755,Philadelphia 76ers,1.009,0.836,0.946,0.732,1.007,0.85,1.267,0.845,1.062,0.853,0.541,0.152,0.064,0.23,0.123,0.065,0.057,0.079,0.045,0.055,0.071,0.058,0.999,28,54,0.341
2016-17,1610612756,Phoenix Suns,1.124,0.851,0.922,0.841,1.059,0.71,1.237,0.871,1.167,0.759,0.473,0.172,0.071,0.155,0.226,0.047,0.029,0.069,0.052,0.066,0.046,0.066,0.9990000000000004,24,58,0.293
2016-17,1610612757,Portland Trail Blazers,1.153,0.95,1.018,0.948,0.945,0.928,1.173,0.95,1.034,0.899,0.492,0.115,0.08,0.184,0.204,0.059,0.059,0.081,0.067,0.053,0.043,0.054,0.999,41,41,0.5
2016-17,1610612758,Sacramento Kings,1.081,0.866,1.049,0.815,1.034,0.911,1.149,0.95,1.028,0.924,0.516,0.133,0.078,0.212,0.135,0.068,0.036,0.086,0.053,0.049,0.083,0.067,1.0000000000000002,32,50,0.39
2016-17,1610612759,San Antonio Spurs,1.128,0.821,1.07,0.875,0.974,0.91,1.264,0.957,1.171,0.87,0.555,0.12,0.059,0.227,0.159,0.078,0.047,0.067,0.046,0.053,0.093,0.051,1.0000000000000002,61,21,0.744
2016-17,1610612760,Oklahoma City Thunder,1.075,0.904,0.939,0.822,1.046,0.827,1.187,0.946,1.002,0.868,0.497,0.163,0.077,0.164,0.17,0.077,0.031,0.075,0.026,0.063,0.101,0.053,1.0,47,35,0.573
2016-17,1610612761,Toronto Raptors,1.13,0.982,0.998,0.948,1.118,0.856,1.222,0.963,1.012,0.976,0.556,0.134,0.085,0.195,0.242,0.058,0.028,0.049,0.046,0.056,0.057,0.051,1.0010000000000003,51,31,0.622
2016-17,1610612762,Utah Jazz,1.217,0.813,0.977,0.912,1.063,0.921,1.236,1.046,1.057,0.84,0.513,0.09,0.066,0.221,0.205,0.064,0.057,0.09,0.055,0.052,0.048,0.052,1.0,51,31,0.622
2016-17,1610612763,Memphis Grizzlies,1.11,0.794,0.961,0.897,0.983,0.948,1.161,0.962,1.024,0.896,0.483,0.106,0.074,0.197,0.136,0.074,0.038,0.072,0.061,0.066,0.116,0.062,1.002,43,39,0.524
2016-17,1610612764,Washington Wizards,1.189,0.866,1.052,0.85,1.072,0.866,1.229,0.973,1.103,0.879,0.55,0.156,0.079,0.173,0.179,0.065,0.024,0.074,0.08,0.054,0.055,0.061,1.0,49,33,0.598
2016-17,1610612765,Detroit Pistons,1.083,0.917,0.916,0.849,0.995,0.944,1.294,0.793,1.044,0.829,0.47,0.142,0.068,0.175,0.208,0.065,0.044,0.056,0.035,0.071,0.086,0.05,1.0,37,45,0.451
2016-17,1610612766,Charlotte Hornets,1.125,0.823,0.972,0.877,1.053,1.013,1.286,0.969,1.188,0.946,0.566,0.097,0.041,0.214,0.229,0.072,0.055,0.082,0.075,0.037,0.047,0.052,1.001,36,46,0.439
2017-18,1610612737,Atlanta Hawks,1.085,0.928,0.972,0.762,1.08,0.958,1.247,1.001,1.077,0.683,0.541,0.12,0.056,0.208,0.217,0.077,0.058,0.066,0.083,0.047,0.012,0.058,1.002,24,58,0.293
2017-18,1610612738,Boston Celtics,1.049,0.929,1.058,0.878,1.069,0.867,1.217,1.085,1.047,0.823,0.466,0.138,0.083,0.204,0.147,0.066,0.057,0.06,0.058,0.044,0.084,0.059,1.0000000000000002,55,27,0.671
2017-18,1610612739,Cleveland Cavaliers,1.131,0.911,1.077,0.905,1.17,0.793,1.382,1.097,1.066,0.947,0.533,0.175,0.101,0.181,0.15,0.052,0.032,0.074,0.056,0.044,0.072,0.062,0.999,50,32,0.61
2017-18,1610612740,New Orleans Pelicans,1.072,0.873,1.024,0.844,1.161,1.039,1.33,0.885,1.236,0.908,0.597,0.174,0.07,0.211,0.13,0.058,0.036,0.075,0.064,0.044,0.078,0.06,1.0,48,34,0.585
2017-18,1610612741,Chicago Bulls,1.057,0.782,0.961,0.806,1.06,0.884,1.253,0.893,0.994,0.889,0.561,0.143,0.052,0.224,0.172,0.081,0.059,0.059,0.042,0.051,0.059,0.057,0.999,27,55,0.329
2017-18,1610612742,Dallas Mavericks,1.034,0.828,1.052,0.806,1.149,0.893,1.359,0.982,1.12,0.951,0.465,0.108,0.095,0.21,0.176,0.072,0.042,0.063,0.076,0.037,0.068,0.053,1.0,24,58,0.293
2017-18,1610612743,Denver Nuggets,1.108,0.8,1.052,0.856,1.072,0.967,1.266,1.072,1.092,0.912,0.556,0.145,0.066,0.21,0.131,0.062,0.07,0.082,0.04,0.055,0.08,0.06,1.001,46,36,0.561
2017-18,1610612744,Golden State Warriors,1.155,0.949,1.042,0.964,1.101,0.878,1.336,1.131,1.016,0.867,0.471,0.186,0.064,0.147,0.109,0.044,0.032,0.123,0.119,0.041,0.061,0.074,1.0000000000000002,58,24,0.707
2017-18,1610612745,Houston Rockets,1.199,1.122,1.016,0.934,1.115,0.938,1.205,1.015,1.041,0.944,0.563,0.15,0.145,0.199,0.176,0.083,0.031,0.054,0.045,0.039,0.024,0.055,1.001,65,17,0.793
2017-18,1610612746,LA Clippers,1.043,1.003,0.987,0.84,1.267,0.862,1.329,1.004,1.132,0.889,0.583,0.149,0.079,0.187,0.207,0.056,0.047,0.073,0.025,0.057,0.062,0.057,0.9990000000000002,42,40,0.512
2017-18,1610612747,Los Angeles Lakers,1.057,0.882,0.994,0.743,1.068,0.821,1.274,0.91,1.182,0.886,0.459,0.195,0.062,0.192,0.145,0.057,0.04,0.066,0.05,0.057,0.076,0.059,0.999,35,47,0.427
2017-18,1610612748,Miami Heat,1.091,0.813,1.001,0.83,1.082,0.944,1.26,1.02,1.101,0.821,0.57,0.127,0.05,0.205,0.175,0.062,0.106,0.069,0.052,0.047,0.046,0.061,1.0000000000000002,44,38,0.537
2017-18,1610612749,Milwaukee Bucks,1.109,0.917,1.004,0.882,1.179,0.99,1.203,0.861,1.095,0.938,0.583,0.194,0.075,0.215,0.159,0.049,0.036,0.083,0.036,0.045,0.055,0.055,1.0020000000000002,44,38,0.537
2017-18,1610612750,Minnesota Timberwolves,1.12,0.875,1.037,0.852,1.103,0.988,1.307,1.036,1.214,0.99,0.678,0.125,0.087,0.19,0.19,0.072,0.037,0.073,0.019,0.057,0.091,0.059,1.0,47,35,0.573
2017-18,1610612751,Brooklyn Nets,1.002,0.907,1.063,0.807,1.085,0.86,1.182,1.007,1.081,0.847,0.51,0.144,0.076,0.234,0.166,0.079,0.048,0.065,0.061,0.045,0.032,0.049,0.999,28,54,0.341
2017-18,1610612752,New York Knicks,1.08,0.804,0.972,0.781,1.081,0.94,1.286,0.98,1.112,0.926,0.438,0.13,0.073,0.175,0.16,0.082,0.033,0.073,0.062,0.062,0.087,0.063,1.0,29,53,0.354
2017-18,1610612753,Orlando Magic,1.085,0.864,1.008,0.822,0.998,0.813,1.259,0.907,1.073,0.788,0.481,0.156,0.051,0.216,0.169,0.065,0.055,0.075,0.062,0.046,0.052,0.053,1.0,25,57,0.305
2017-18,1610612754,Indiana Pacers,1.138,0.864,1.03,0.872,0.991,1.019,1.164,0.937,1.074,0.911,0.558,0.161,0.062,0.17,0.183,0.115,0.041,0.06,0.047,0.049,0.06,0.051,0.9990000000000002,48,34,0.585
2017-18,1610612755,Philadelphia 76ers,1.065,0.801,1.003,0.852,0.975,0.909,1.313,0.996,1.112,0.896,0.558,0.172,0.039,0.202,0.108,0.038,0.07,0.091,0.058,0.051,0.096,0.075,1.0,52,30,0.634
2017-18,1610612756,Phoenix Suns,1.035,0.811,0.918,0.803,1.084,0.859,1.308,0.975,1.077,0.826,0.428,0.172,0.062,0.166,0.194,0.045,0.051,0.068,0.078,0.06,0.043,0.062,1.001,21,61,0.256
2017-18,1610612757,Portland Trail Blazers,1.018,0.913,1.003,0.955,1.024,0.99,1.188,1.035,1.111,0.792,0.49,0.105,0.086,0.171,0.216,0.074,0.045,0.074,0.055,0.056,0.065,0.054,1.001,49,33,0.598
2017-18,1610612758,Sacramento Kings,1.11,0.9,0.995,0.769,0.972,0.92,1.199,0.855,1.045,0.817,0.455,0.138,0.066,0.184,0.171,0.074,0.049,0.073,0.049,0.053,0.085,0.06,1.002,27,55,0.329
2017-18,1610612759,San Antonio Spurs,1.077,0.826,0.969,0.799,1.093,0.925,1.253,0.905,1.224,0.945,0.492,0.112,0.046,0.242,0.163,0.072,0.041,0.063,0.033,0.057,0.116,0.055,1.0000000000000002,47,35,0.573
2017-18,1610612760,Oklahoma City Thunder,1.088,0.825,1.004,0.862,1.141,0.714,1.264,1.092,0.987,0.913,0.468,0.163,0.105,0.186,0.18,0.07,0.023,0.055,0.04,0.06,0.064,0.054,1.0000000000000002,48,34,0.585
2017-18,1610612761,Toronto Raptors,1.13,0.996,1.016,0.88,1.121,0.967,1.295,1.074,1.168,0.964,0.569,0.155,0.059,0.225,0.188,0.073,0.037,0.068,0.052,0.051,0.043,0.05,1.001,59,23,0.72
2017-18,1610612762,Utah Jazz,1.134,0.835,1.034,0.78,1.096,0.87,1.275,1.02,1.201,0.83,0.581,0.137,0.053,0.222,0.219,0.061,0.063,0.084,0.051,0.042,0.02,0.05,1.002,48,34,0.585
2017-18,1610612763,Memphis Grizzlies,1.049,0.877,0.967,0.845,1.051,0.897,1.17,0.955,1.102,0.776,0.411,0.14,0.065,0.209,0.187,0.079,0.04,0.068,0.036,0.051,0.063,0.062,1.0000000000000002,22,60,0.268
2017-18,1610612764,Washington Wizards,1.149,0.908,1.033,0.824,0.976,0.835,1.218,1.04,1.118,0.881,0.457,0.148,0.073,0.191,0.146,0.066,0.044,0.089,0.079,0.047,0.052,0.064,0.999,43,39,0.524
2017-18,1610612765,Detroit Pistons,1.1,0.829,1.07,0.842,0.967,0.85,1.248,0.941,1.084,0.855,0.475,0.155,0.059,0.189,0.155,0.041,0.109,0.065,0.05,0.06,0.055,0.061,0.9990000000000004,39,43,0.476
2017-18,1610612766,Charlotte Hornets,1.183,0.898,0.974,0.907,1.019,0.946,1.309,0.961,1.142,0.833,0.505,0.123,0.052,0.206,0.195,0.06,0.035,0.062,0.066,0.053,0.091,0.058,1.001,36,46,0.439
2018-19,1610612737,Atlanta Hawks,1.052,0.852,1.025,0.795,1.184,0.852,1.248,0.707,0.971,0.936,0.519,0.173,0.037,0.22,0.195,0.066,0.069,0.069,0.023,0.061,0.028,0.059,1.0,29,53,0.354
2018-19,1610612738,Boston Celtics,1.123,0.792,1.055,0.905,1.182,0.901,1.242,0.985,1.041,0.98,0.562,0.17,0.07,0.218,0.146,0.067,0.05,0.061,0.059,0.045,0.061,0.053,1.0,49,33,0.598
2018-19,1610612739,Cleveland Cavaliers,1.078,0.802,1.018,0.858,1.058,0.988,1.226,0.901,1.084,0.743,0.566,0.134,0.081,0.191,0.213,0.048,0.058,0.066,0.04,0.061,0.049,0.059,1.0000000000000002,19,63,0.232
2018-19,1610612740,New Orleans Pelicans,1.022,0.861,0.995,0.805,1.138,0.933,1.314,1.014,1.135,0.987,0.682,0.179,0.069,0.195,0.129,0.055,0.047,0.076,0.06,0.058,0.073,0.058,0.999,33,49,0.402
2018-19,1610612741,Chicago Bulls,1.077,0.815,0.979,0.854,1.1,0.862,1.258,0.88,1.07,0.917,0.547,0.13,0.073,0.206,0.2,0.077,0.056,0.058,0.037,0.046,0.067,0.051,1.001,22,60,0.268
2018-19,1610612742,Dallas Mavericks,1.066,0.851,1.025,0.859,1.208,0.788,1.338,1.022,1.058,0.897,0.55,0.127,0.061,0.217,0.191,0.055,0.046,0.068,0.07,0.045,0.058,0.061,0.9990000000000004,33,49,0.402
2018-19,1610612743,Denver Nuggets,1.099,0.801,1.029,0.875,1.026,0.898,1.341,0.941,1.043,0.98,0.537,0.143,0.048,0.197,0.143,0.059,0.082,0.079,0.044,0.055,0.091,0.058,0.999,54,28,0.659
2018-19,1610612744,Golden State Warriors,1.158,0.978,1.04,0.992,0.929,0.971,1.28,1.126,1.149,0.963,0.494,0.184,0.064,0.17,0.108,0.037,0.041,0.103,0.129,0.042,0.056,0.067,1.001,57,25,0.695
2018-19,1610612745,Houston Rockets,1.152,1.057,1.047,0.903,1.109,0.98,1.273,0.925,0.987,1.013,0.558,0.154,0.204,0.199,0.147,0.063,0.033,0.059,0.028,0.044,0.017,0.051,0.999,53,29,0.646
2018-19,1610612746,LA Clippers,1.084,0.933,1.084,0.898,1.212,0.813,1.251,1.033,1.143,0.972,0.633,0.133,0.064,0.171,0.228,0.069,0.047,0.069,0.039,0.052,0.07,0.058,1.0000000000000002,48,34,0.585
2018-19,1610612747,Los Angeles Lakers,1.083,0.906,0.95,0.827,1.128,1.024,1.316,0.827,1.058,0.899,0.504,0.196,0.081,0.166,0.17,0.059,0.026,0.081,0.06,0.051,0.05,0.06,1.0000000000000002,37,45,0.451
2018-19,1610612748,Miami Heat,1.065,0.775,1.04,0.754,1.157,0.879,1.236,0.926,1.031,0.84,0.575,0.124,0.046,0.205,0.188,0.062,0.083,0.08,0.037,0.064,0.042,0.068,0.999,39,43,0.476
2018-19,1610612749,Milwaukee Bucks,1.12,0.975,1.046,0.914,1.126,0.994,1.329,0.98,1.1,0.953,0.547,0.215,0.084,0.229,0.122,0.049,0.05,0.061,0.048,0.044,0.053,0.046,1.001,60,22,0.732
2018-19,1610612750,Minnesota Timberwolves,1.13,0.841,0.954,0.84,1.179,0.872,1.32,0.94,1.139,0.944,0.591,0.143,0.067,0.209,0.169,0.064,0.039,0.066,0.025,0.061,0.1,0.057,1.0,36,46,0.439
2018-19,1610612751,Brooklyn Nets,0.993,0.962,0.988,0.891,1.05,0.95,1.234,1.023,1.056,0.768,0.6,0.135,0.081,0.216,0.206,0.066,0.04,0.073,0.07,0.051,0.009,0.054,1.001,42,40,0.512
2018-19,1610612752,New York Knicks,1.057,0.759,0.936,0.876,1.104,0.856,1.209,0.842,1.112,0.86,0.531,0.146,0.056,0.201,0.214,0.051,0.067,0.044,0.052,0.062,0.054,0.051,0.9980000000000004,17,65,0.207
2018-19,1610612753,Orlando Magic,1.129,0.9,1.017,0.826,1.109,0.902,1.319,0.946,1.127,0.885,0.535,0.113,0.042,0.216,0.185,0.059,0.058,0.065,0.074,0.057,0.076,0.056,1.001,42,40,0.512
2018-19,1610612754,Indiana Pacers,1.113,0.794,1.059,0.814,1.027,0.879,1.253,0.969,1.23,0.893,0.538,0.149,0.052,0.165,0.157,0.101,0.05,0.087,0.061,0.05,0.07,0.058,1.0000000000000002,48,34,0.585
2018-19,1610612755,Philadelphia 76ers,1.07,0.882,1.01,0.907,1.103,1.05,1.296,1.016,1.083,0.938,0.565,0.174,0.043,0.181,0.115,0.035,0.082,0.086,0.046,0.055,0.107,0.076,1.0,51,31,0.622
2018-19,1610612756,Phoenix Suns,1.091,0.873,0.923,0.833,1.093,0.799,1.342,0.946,1.136,0.989,0.546,0.167,0.058,0.197,0.209,0.056,0.043,0.065,0.048,0.049,0.05,0.058,1.0000000000000002,19,63,0.232
2018-19,1610612757,Portland Trail Blazers,1.084,0.904,0.996,0.983,1.173,0.972,1.26,0.931,1.058,0.951,0.559,0.11,0.068,0.173,0.189,0.056,0.066,0.09,0.053,0.063,0.072,0.06,1.0,53,29,0.646
2018-19,1610612758,Sacramento Kings,1.127,0.831,1.031,0.842,1.075,0.944,1.238,0.987,1.087,0.832,0.557,0.21,0.069,0.159,0.164,0.062,0.04,0.066,0.048,0.058,0.068,0.055,0.9990000000000004,39,43,0.476
2018-19,1610612759,San Antonio Spurs,1.097,0.951,1.12,0.915,1.055,0.981,1.273,0.997,1.106,0.988,0.605,0.108,0.068,0.219,0.185,0.056,0.046,0.059,0.04,0.048,0.122,0.048,0.9990000000000002,48,34,0.585
2018-19,1610612760,Oklahoma City Thunder,1.047,0.833,1.022,0.853,1.019,0.939,1.274,0.996,0.971,0.921,0.608,0.197,0.089,0.179,0.179,0.061,0.026,0.062,0.029,0.055,0.071,0.051,0.9990000000000002,49,33,0.598
2018-19,1610612761,Toronto Raptors,1.192,0.938,1.048,0.871,1.073,0.949,1.267,0.978,1.086,0.937,0.572,0.202,0.069,0.204,0.15,0.073,0.032,0.054,0.045,0.049,0.066,0.056,1.0000000000000002,58,24,0.707
2018-19,1610612762,Utah Jazz,1.065,0.831,1.037,0.857,1.218,0.908,1.278,0.842,1.171,0.984,0.621,0.136,0.032,0.223,0.215,0.064,0.077,0.079,0.05,0.053,0.014,0.058,1.001,50,32,0.61
2018-19,1610612763,Memphis Grizzlies,1.138,0.864,0.936,0.845,1.034,0.91,1.262,0.984,1.068,0.92,0.504,0.13,0.058,0.205,0.164,0.073,0.047,0.086,0.049,0.047,0.077,0.064,1.0,33,49,0.402
2018-19,1610612764,Washington Wizards,1.141,0.835,1.007,0.864,1.084,0.929,1.324,0.952,1.152,0.934,0.532,0.182,0.068,0.23,0.151,0.06,0.038,0.075,0.049,0.05,0.041,0.057,1.001,32,50,0.39
2018-19,1610612765,Detroit Pistons,1.086,0.868,1.0,0.881,1.048,1.031,1.172,0.956,0.976,0.898,0.537,0.136,0.059,0.199,0.171,0.048,0.071,0.065,0.03,0.068,0.089,0.064,1.0000000000000002,41,41,0.5
2018-19,1610612766,Charlotte Hornets,1.095,0.912,1.006,0.932,1.044,0.92,1.264,0.948,1.077,1.012,0.603,0.144,0.062,0.219,0.225,0.067,0.055,0.065,0.047,0.047,0.019,0.051,1.0010000000000003,39,43,0.476
2019-20,1610612737,Atlanta Hawks,1.098,0.947,0.918,0.864,1.162,0.841,1.224,0.755,1.148,1.015,0.539,0.152,0.041,0.213,0.23,0.077,0.069,0.061,0.025,0.051,0.026,0.054,0.999,20,47,0.299
2019-20,1610612738,Boston Celtics,1.14,0.955,0.988,0.976,1.123,0.917,1.274,0.926,1.012,0.982,0.54,0.151,0.069,0.194,0.218,0.05,0.046,0.063,0.058,0.059,0.04,0.053,1.001,48,24,0.667
2019-20,1610612739,Cleveland Cavaliers,1.071,0.877,1.001,0.823,1.065,0.855,1.252,0.981,1.105,0.895,0.513,0.128,0.068,0.189,0.206,0.059,0.063,0.074,0.036,0.058,0.057,0.063,1.001,19,46,0.292
2019-20,1610612740,New Orleans Pelicans,1.098,0.919,1.006,0.774,1.246,0.955,1.342,0.935,1.114,0.918,0.577,0.174,0.055,0.228,0.17,0.053,0.052,0.064,0.066,0.048,0.034,0.056,1.0000000000000002,30,42,0.417
2019-20,1610612741,Chicago Bulls,1.083,0.82,0.98,0.821,1.035,0.826,1.226,0.903,1.17,0.863,0.54,0.158,0.05,0.229,0.216,0.067,0.055,0.063,0.04,0.051,0.023,0.048,1.0000000000000002,22,43,0.338
2019-20,1610612742,Dallas Mavericks,1.105,0.93,1.061,0.979,1.246,0.959,1.405,0.858,1.14,0.888,0.652,0.129,0.063,0.245,0.204,0.071,0.041,0.051,0.053,0.051,0.04,0.051,0.9990000000000002,43,32,0.573
2019-20,1610612743,Denver Nuggets,1.101,0.886,1.03,0.82,1.141,0.889,1.369,0.938,1.125,0.984,0.547,0.139,0.049,0.199,0.147,0.065,0.073,0.088,0.043,0.058,0.076,0.061,0.998,46,27,0.63
2019-20,1610612744,Golden State Warriors,1.121,0.838,0.952,0.823,1.041,0.912,1.254,0.944,1.025,0.899,0.466,0.14,0.063,0.193,0.174,0.047,0.07,0.078,0.083,0.049,0.043,0.061,1.001,15,50,0.231
2019-20,1610612745,Houston Rockets,1.117,1.039,1.012,0.952,1.045,0.898,1.221,0.974,1.043,0.846,0.57,0.201,0.196,0.238,0.098,0.043,0.027,0.058,0.023,0.036,0.022,0.056,0.9980000000000002,44,28,0.611
2019-20,1610612746,LA Clippers,1.088,0.891,1.08,0.92,1.201,1.008,1.268,1.161,1.04,0.955,0.519,0.138,0.073,0.19,0.226,0.061,0.031,0.054,0.051,0.058,0.062,0.055,0.9990000000000002,49,23,0.681
2019-20,1610612747,Los Angeles Lakers,1.137,0.876,1.016,0.859,1.207,0.81,1.368,0.81,1.191,0.911,0.576,0.175,0.076,0.187,0.147,0.047,0.039,0.078,0.046,0.059,0.078,0.068,1.0,52,19,0.732
2019-20,1610612748,Miami Heat,1.177,0.878,1.048,0.87,1.2,1.066,1.309,1.08,1.07,0.921,0.54,0.133,0.046,0.199,0.196,0.057,0.088,0.094,0.049,0.038,0.028,0.072,1.0000000000000002,44,29,0.603
2019-20,1610612749,Milwaukee Bucks,1.067,0.931,1.063,0.929,1.132,1.063,1.31,0.99,1.169,0.945,0.572,0.205,0.072,0.198,0.134,0.054,0.054,0.064,0.046,0.045,0.067,0.06,0.9990000000000004,56,17,0.767
2019-20,1610612750,Minnesota Timberwolves,1.08,0.923,0.95,0.891,1.038,0.883,1.325,0.848,1.132,0.907,0.548,0.149,0.059,0.241,0.17,0.06,0.068,0.064,0.04,0.053,0.039,0.058,1.0010000000000003,19,45,0.297
2019-20,1610612751,Brooklyn Nets,1.142,0.873,0.954,0.832,1.206,0.961,1.318,0.967,0.973,0.784,0.545,0.143,0.076,0.223,0.212,0.055,0.046,0.068,0.063,0.05,0.004,0.061,1.001,35,37,0.486
2019-20,1610612752,New York Knicks,1.033,0.778,0.922,0.777,1.212,0.908,1.329,0.87,1.127,0.892,0.506,0.141,0.067,0.199,0.178,0.062,0.054,0.055,0.05,0.072,0.07,0.052,1.0000000000000002,21,45,0.318
2019-20,1610612753,Orlando Magic,1.121,0.826,0.945,0.879,1.043,0.951,1.276,1.052,1.015,0.818,0.482,0.136,0.03,0.188,0.206,0.067,0.061,0.077,0.067,0.059,0.057,0.051,0.999,33,40,0.452
2019-20,1610612754,Indiana Pacers,1.121,0.885,1.038,0.874,1.067,0.942,1.277,1.057,1.155,0.9,0.516,0.143,0.049,0.191,0.192,0.084,0.054,0.075,0.06,0.048,0.046,0.057,0.999,45,28,0.616
2019-20,1610612755,Philadelphia 76ers,1.084,0.879,1.043,0.846,1.031,0.924,1.328,1.024,1.065,0.989,0.551,0.159,0.052,0.215,0.132,0.051,0.052,0.067,0.041,0.051,0.115,0.064,0.9990000000000004,43,30,0.589
2019-20,1610612756,Phoenix Suns,1.195,0.91,0.983,0.845,1.077,0.941,1.249,0.968,1.143,0.924,0.636,0.16,0.04,0.23,0.161,0.061,0.052,0.092,0.045,0.047,0.049,0.062,0.9990000000000004,34,39,0.466
2019-20,1610612757,Portland Trail Blazers,1.122,0.963,1.058,0.993,1.074,1.039,1.236,1.014,1.074,0.915,0.529,0.125,0.099,0.168,0.237,0.06,0.037,0.059,0.034,0.06,0.063,0.058,1.0000000000000002,35,39,0.473
2019-20,1610612758,Sacramento Kings,1.119,0.861,1.053,0.873,1.098,0.907,1.279,0.976,1.132,0.868,0.484,0.153,0.06,0.205,0.191,0.062,0.036,0.07,0.062,0.053,0.047,0.059,0.9980000000000002,31,41,0.431
2019-20,1610612759,San Antonio Spurs,1.124,0.939,1.049,0.95,1.081,1.066,1.25,1.009,1.046,0.956,0.54,0.148,0.056,0.243,0.188,0.055,0.053,0.048,0.044,0.047,0.069,0.048,0.9990000000000004,32,39,0.451
2019-20,1610612760,Oklahoma City Thunder,1.086,0.958,0.969,0.949,1.269,0.855,1.29,1.06,1.032,0.966,0.704,0.141,0.088,0.228,0.225,0.067,0.039,0.053,0.023,0.04,0.041,0.055,1.0,44,28,0.611
2019-20,1610612761,Toronto Raptors,1.149,0.9,1.02,0.874,1.018,0.852,1.207,1.005,1.074,0.874,0.636,0.216,0.061,0.21,0.141,0.075,0.029,0.071,0.05,0.049,0.045,0.053,1.0,53,19,0.736
2019-20,1610612762,Utah Jazz,1.081,0.969,1.079,0.895,1.138,0.952,1.367,1.034,1.142,0.938,0.5,0.14,0.057,0.209,0.254,0.057,0.055,0.056,0.055,0.048,0.018,0.051,1.0000000000000002,44,28,0.611
2019-20,1610612763,Memphis Grizzlies,1.106,0.761,1.011,0.846,1.223,0.86,1.287,0.901,1.192,0.877,0.474,0.179,0.047,0.2,0.182,0.065,0.064,0.059,0.043,0.057,0.048,0.056,1.0000000000000002,34,39,0.466
2019-20,1610612764,Washington Wizards,1.109,0.881,1.045,0.846,1.121,0.921,1.243,0.95,1.13,0.834,0.535,0.191,0.054,0.203,0.19,0.055,0.049,0.076,0.053,0.049,0.02,0.06,1.0000000000000002,25,47,0.347
2019-20,1610612765,Detroit Pistons,1.106,0.888,1.029,0.842,1.149,0.868,1.14,1.041,1.067,0.901,0.497,0.147,0.048,0.221,0.184,0.068,0.049,0.072,0.044,0.058,0.05,0.06,1.0010000000000003,20,46,0.303
2019-20,1610612766,Charlotte Hornets,1.054,0.776,0.99,0.834,0.945,0.778,1.228,0.89,1.061,0.948,0.508,0.147,0.047,0.236,0.169,0.08,0.047,0.07,0.049,0.055,0.047,0.054,1.001,23,42,0.354
2020-21,1610612737,Atlanta Hawks,1.134,0.897,1.069,0.932,1.251,0.792,1.248,1.039,1.135,0.89,0.584,0.132,0.049,0.225,0.223,0.069,0.034,0.069,0.032,0.066,0.046,0.054,0.999,41,31,0.569
2020-21,1610612738,Boston Celtics,1.177,0.845,1.071,0.931,1.067,0.926,1.299,0.978,1.095,0.935,0.521,0.141,0.078,0.22,0.191,0.053,0.054,0.063,0.045,0.057,0.042,0.056,1.0000000000000002,36,36,0.5
2020-21,1610612739,Cleveland Cavaliers,1.13,0.732,0.9,0.812,1.139,0.918,1.242,0.957,1.098,0.805,0.559,0.14,0.058,0.215,0.184,0.058,0.049,0.09,0.038,0.055,0.047,0.065,0.999,22,50,0.306
2020-21,1610612740,New Orleans Pelicans,1.131,0.897,1.021,0.898,1.07,0.895,1.283,0.962,1.106,0.983,0.489,0.163,0.053,0.235,0.178,0.045,0.059,0.079,0.026,0.065,0.042,0.053,0.998,31,41,0.431
2020-21,1610612741,Chicago Bulls,1.131,0.926,1.006,0.912,1.012,0.86,1.384,0.935,1.126,1.014,0.486,0.127,0.041,0.244,0.182,0.082,0.051,0.082,0.035,0.046,0.054,0.056,1.0000000000000002,31,41,0.431
2020-21,1610612742,Dallas Mavericks,1.103,0.962,1.05,0.983,1.178,0.977,1.296,1.072,1.136,1.03,0.656,0.123,0.062,0.244,0.218,0.068,0.05,0.051,0.043,0.043,0.048,0.051,1.0010000000000003,42,30,0.583
2020-21,1610612743,Denver Nuggets,1.136,0.929,1.095,0.883,1.117,0.973,1.31,0.955,1.169,0.982,0.623,0.141,0.057,0.21,0.13,0.071,0.061,0.089,0.039,0.061,0.078,0.063,1.0,47,25,0.653
2020-21,1610612744,Golden State Warriors,1.134,0.925,0.991,0.962,1.122,1.064,1.3,1.04,1.033,0.826,0.516,0.165,0.05,0.228,0.148,0.035,0.07,0.088,0.08,0.041,0.032,0.063,1.0000000000000002,39,33,0.542
2020-21,1610612745,Houston Rockets,1.038,0.877,0.97,0.856,1.142,0.904,1.332,0.925,1.136,0.913,0.512,0.169,0.078,0.263,0.162,0.066,0.042,0.054,0.033,0.048,0.031,0.052,0.9980000000000002,17,55,0.236
2020-21,1610612746,LA Clippers,1.103,0.938,1.237,0.928,1.127,0.858,1.368,1.053,1.104,0.99,0.516,0.129,0.081,0.237,0.198,0.056,0.034,0.055,0.044,0.051,0.063,0.052,1.0000000000000002,47,25,0.653
2020-21,1610612747,Los Angeles Lakers,1.135,0.827,1.011,0.847,1.122,0.848,1.33,0.958,1.149,0.947,0.477,0.154,0.079,0.213,0.15,0.058,0.043,0.075,0.038,0.05,0.085,0.054,0.999,42,30,0.583
2020-21,1610612748,Miami Heat,1.137,0.892,1.051,0.849,1.247,0.985,1.248,1.108,1.135,0.981,0.496,0.149,0.047,0.225,0.169,0.055,0.078,0.094,0.047,0.036,0.034,0.066,1.0000000000000002,40,32,0.556
2020-21,1610612749,Milwaukee Bucks,1.105,0.986,1.1,0.951,1.15,1.089,1.303,1.019,1.086,0.977,0.559,0.194,0.086,0.198,0.145,0.061,0.045,0.069,0.038,0.048,0.067,0.049,1.0,46,26,0.639
2020-21,1610612750,Minnesota Timberwolves,1.111,0.876,0.985,0.795,1.12,0.923,1.271,0.941,1.129,0.867,0.619,0.15,0.053,0.24,0.164,0.057,0.062,0.075,0.046,0.056,0.046,0.052,1.001,23,49,0.319
2020-21,1610612751,Brooklyn Nets,1.165,1.046,1.12,0.906,1.193,1.07,1.313,1.012,1.17,1.057,0.609,0.159,0.099,0.216,0.154,0.056,0.053,0.087,0.051,0.042,0.024,0.058,0.9990000000000002,48,24,0.667
2020-21,1610612752,New York Knicks,1.113,0.922,1.064,0.877,1.118,0.955,1.149,0.829,1.086,0.97,0.647,0.119,0.085,0.246,0.223,0.051,0.043,0.056,0.029,0.053,0.048,0.047,1.0000000000000002,41,31,0.569
2020-21,1610612753,Orlando Magic,1.005,0.805,0.97,0.807,1.101,1.0,1.23,0.923,1.122,0.882,0.515,0.132,0.041,0.214,0.218,0.067,0.06,0.054,0.054,0.056,0.055,0.05,1.001,21,51,0.292
2020-21,1610612754,Indiana Pacers,1.13,0.847,1.032,0.909,1.1,0.927,1.344,1.03,1.127,0.842,0.599,0.187,0.047,0.225,0.154,0.053,0.075,0.076,0.041,0.048,0.039,0.055,1.0,34,38,0.472
2020-21,1610612755,Philadelphia 76ers,1.127,0.958,1.037,0.908,1.111,1.0,1.258,0.933,1.141,1.037,0.526,0.165,0.053,0.22,0.172,0.049,0.049,0.049,0.022,0.057,0.102,0.063,1.001,49,23,0.681
2020-21,1610612756,Phoenix Suns,1.162,0.957,1.099,0.978,1.175,0.888,1.335,0.985,1.269,0.969,0.559,0.159,0.06,0.247,0.174,0.059,0.039,0.068,0.05,0.039,0.058,0.046,0.999,51,21,0.708
2020-21,1610612757,Portland Trail Blazers,1.111,1.055,1.109,1.003,1.104,1.005,1.214,1.03,1.067,0.925,0.55,0.118,0.102,0.191,0.205,0.061,0.053,0.058,0.041,0.063,0.055,0.052,0.9990000000000002,42,30,0.583
2020-21,1610612758,Sacramento Kings,1.205,0.884,1.043,0.909,1.153,0.889,1.253,0.925,1.1,0.929,0.539,0.161,0.052,0.211,0.2,0.087,0.04,0.071,0.039,0.05,0.037,0.053,1.001,31,41,0.431
2020-21,1610612759,San Antonio Spurs,1.127,0.988,1.005,0.871,1.045,0.968,1.305,1.075,1.105,0.996,0.596,0.133,0.052,0.269,0.222,0.062,0.047,0.058,0.035,0.047,0.034,0.043,1.0020000000000002,33,39,0.458
2020-21,1610612760,Oklahoma City Thunder,0.995,0.848,0.929,0.85,1.049,0.829,1.26,1.057,1.024,0.909,0.516,0.161,0.071,0.269,0.19,0.061,0.048,0.052,0.022,0.056,0.024,0.048,1.0020000000000002,22,50,0.306
2020-21,1610612761,Toronto Raptors,1.124,0.849,1.037,0.907,1.049,1.008,1.256,1.008,1.132,0.762,0.569,0.186,0.061,0.237,0.171,0.064,0.047,0.061,0.046,0.047,0.028,0.052,1.0000000000000002,27,45,0.375
2020-21,1610612762,Utah Jazz,1.117,0.841,1.112,0.988,1.236,0.879,1.283,1.027,1.158,0.887,0.559,0.153,0.053,0.237,0.224,0.066,0.051,0.057,0.046,0.049,0.019,0.046,1.001,52,20,0.722
2020-21,1610612763,Memphis Grizzlies,1.117,0.928,1.025,0.818,1.162,0.89,1.193,0.812,1.193,0.981,0.668,0.181,0.041,0.229,0.203,0.051,0.052,0.063,0.039,0.061,0.039,0.04,0.9990000000000002,38,34,0.528
2020-21,1610612764,Washington Wizards,1.136,0.793,1.007,0.824,1.068,0.97,1.29,1.098,1.128,1.01,0.624,0.189,0.084,0.196,0.147,0.048,0.036,0.087,0.05,0.045,0.057,0.061,1.0000000000000002,34,38,0.472
2020-21,1610612765,Detroit Pistons,1.133,0.78,0.966,0.813,1.132,0.95,1.326,0.97,1.13,0.927,0.472,0.144,0.055,0.243,0.164,0.05,0.069,0.07,0.055,0.046,0.048,0.056,1.0000000000000002,20,52,0.278
2020-21,1610612766,Charlotte Hornets,1.133,0.991,1.029,0.815,1.065,0.978,1.167,0.886,0.905,0.773,0.554,0.184,0.053,0.258,0.15,0.066,0.051,0.071,0.045,0.046,0.024,0.051,0.9990000000000002,33,39,0.458
2021-22,1610612737,Atlanta Hawks,1.171,0.876,1.095,0.916,1.307,0.927,1.372,0.877,0.964,0.929,0.736,0.139,0.078,0.215,0.22,0.064,0.041,0.067,0.034,0.053,0.039,0.049,0.9990000000000002,43,39,0.524
2021-22,1610612738,Boston Celtics,1.081,0.927,1.055,0.875,1.058,0.918,1.407,0.998,1.174,1.021,0.532,0.143,0.085,0.281,0.158,0.047,0.028,0.07,0.048,0.05,0.042,0.049,1.001,51,31,0.622
2021-22,1610612739,Cleveland Cavaliers,1.173,0.93,0.966,0.853,1.122,0.862,1.276,0.9,1.146,0.981,0.501,0.152,0.061,0.236,0.15,0.065,0.036,0.093,0.04,0.052,0.059,0.055,0.999,44,38,0.537
2021-22,1610612740,New Orleans Pelicans,1.172,0.803,0.981,0.801,1.155,0.814,1.3,1.032,1.072,0.935,0.544,0.167,0.049,0.228,0.161,0.057,0.047,0.071,0.042,0.063,0.056,0.06,1.0010000000000003,36,46,0.439
2021-22,1610612741,Chicago Bulls,1.185,1.048,1.044,0.958,0.968,0.958,1.299,1.018,1.087,0.954,0.534,0.141,0.071,0.24,0.207,0.077,0.029,0.061,0.031,0.044,0.049,0.049,0.999,46,36,0.561
2021-22,1610612742,Dallas Mavericks,1.15,1.022,1.011,0.928,1.185,0.937,1.343,0.888,1.026,0.956,0.583,0.123,0.086,0.262,0.193,0.064,0.044,0.061,0.026,0.035,0.053,0.053,1.0,52,30,0.634
2021-22,1610612743,Denver Nuggets,1.153,0.869,1.077,0.806,1.073,0.932,1.346,1.03,1.167,1.083,0.473,0.159,0.055,0.226,0.114,0.08,0.044,0.082,0.042,0.055,0.08,0.062,0.999,48,34,0.585
2021-22,1610612744,Golden State Warriors,1.124,0.942,1.023,0.945,0.955,0.933,1.302,0.999,1.11,0.882,0.513,0.151,0.054,0.225,0.126,0.037,0.064,0.105,0.097,0.045,0.029,0.066,0.999,53,29,0.646
2021-22,1610612745,Houston Rockets,1.038,0.907,1.015,0.809,1.101,0.931,1.264,0.941,1.17,0.957,0.555,0.165,0.072,0.235,0.159,0.059,0.053,0.068,0.038,0.049,0.04,0.061,0.999,20,62,0.244
2021-22,1610612746,LA Clippers,1.069,0.833,1.092,0.863,1.146,0.916,1.35,1.043,1.027,0.998,0.509,0.163,0.082,0.216,0.183,0.048,0.049,0.069,0.037,0.045,0.046,0.063,1.001,42,40,0.512
2021-22,1610612747,Los Angeles Lakers,1.127,0.917,0.949,0.855,1.126,0.899,1.29,1.063,1.153,0.987,0.549,0.186,0.089,0.213,0.141,0.059,0.036,0.075,0.029,0.049,0.065,0.059,1.001,33,49,0.402
2021-22,1610612748,Miami Heat,1.16,0.934,1.117,0.888,1.12,0.955,1.156,0.985,1.164,0.96,0.494,0.145,0.06,0.2,0.152,0.059,0.07,0.097,0.052,0.046,0.049,0.07,1.0000000000000002,53,29,0.646
2021-22,1610612749,Milwaukee Bucks,1.135,0.942,1.053,0.913,1.182,0.813,1.272,0.879,1.126,0.953,0.683,0.19,0.088,0.223,0.136,0.058,0.041,0.064,0.031,0.051,0.069,0.048,0.999,51,31,0.622
2021-22,1610612750,Minnesota Timberwolves,1.107,0.995,1.057,0.883,1.166,0.933,1.245,0.889,1.074,0.885,0.608,0.17,0.078,0.25,0.14,0.055,0.043,0.063,0.046,0.055,0.038,0.062,1.0000000000000002,46,36,0.561
2021-22,1610612751,Brooklyn Nets,1.158,1.008,1.034,0.885,1.064,0.946,1.196,1.036,1.029,1.022,0.566,0.15,0.108,0.209,0.14,0.074,0.055,0.076,0.037,0.056,0.04,0.054,0.999,44,38,0.537
2021-22,1610612752,New York Knicks,1.131,0.845,1.003,0.861,1.103,1.088,1.254,0.772,1.109,0.81,0.575,0.139,0.081,0.266,0.198,0.049,0.043,0.047,0.03,0.061,0.038,0.048,1.0000000000000002,37,45,0.451
2021-22,1610612753,Orlando Magic,1.097,0.862,0.95,0.746,1.019,0.855,1.385,1.057,1.19,0.823,0.462,0.16,0.042,0.243,0.181,0.054,0.078,0.066,0.033,0.046,0.038,0.059,1.0000000000000002,22,60,0.268
2021-22,1610612754,Indiana Pacers,1.125,0.855,0.976,0.896,1.191,0.831,1.259,0.879,1.147,0.946,0.515,0.141,0.045,0.247,0.187,0.073,0.058,0.073,0.033,0.059,0.03,0.053,0.999,25,57,0.305
2021-22,1610612755,Philadelphia 76ers,1.192,0.944,1.037,0.931,1.171,1.006,1.255,0.912,1.152,1.018,0.54,0.136,0.078,0.265,0.159,0.063,0.037,0.051,0.023,0.048,0.084,0.056,1.0000000000000002,51,31,0.622
2021-22,1610612756,Phoenix Suns,1.158,0.857,1.065,0.916,1.242,0.844,1.33,1.018,1.078,1.0,0.604,0.156,0.049,0.221,0.196,0.076,0.039,0.064,0.048,0.052,0.041,0.058,1.0000000000000002,64,18,0.78
2021-22,1610612757,Portland Trail Blazers,1.054,0.866,0.989,0.903,1.162,0.899,1.201,0.852,1.097,0.871,0.485,0.148,0.07,0.228,0.171,0.055,0.06,0.069,0.054,0.052,0.036,0.057,1.0,27,55,0.329
2021-22,1610612758,Sacramento Kings,1.096,0.882,0.986,0.864,1.128,0.878,1.276,1.019,1.133,0.926,0.592,0.151,0.057,0.228,0.2,0.064,0.058,0.074,0.036,0.049,0.033,0.049,0.999,30,52,0.366
2021-22,1610612759,San Antonio Spurs,1.148,0.875,1.026,0.871,1.104,0.905,1.22,0.945,1.111,0.906,0.443,0.15,0.037,0.255,0.185,0.058,0.069,0.078,0.039,0.054,0.025,0.049,0.999,34,48,0.415
2021-22,1610612760,Oklahoma City Thunder,1.088,0.936,0.883,0.798,1.065,0.83,1.268,0.919,1.035,0.741,0.528,0.163,0.077,0.274,0.198,0.071,0.034,0.059,0.024,0.05,0.009,0.042,1.001,24,58,0.293
2021-22,1610612761,Toronto Raptors,1.092,0.834,0.988,0.877,1.028,0.937,1.206,0.987,1.028,0.9,0.628,0.184,0.103,0.216,0.138,0.046,0.05,0.071,0.025,0.069,0.045,0.054,1.001,48,34,0.585
2021-22,1610612762,Utah Jazz,1.084,0.912,1.023,1.002,1.231,0.948,1.344,1.03,1.171,0.996,0.622,0.143,0.057,0.236,0.229,0.058,0.037,0.05,0.048,0.059,0.028,0.054,0.999,49,33,0.598
2021-22,1610612763,Memphis Grizzlies,1.11,0.871,1.02,0.85,1.114,0.935,1.229,0.914,1.105,0.913,0.525,0.191,0.049,0.223,0.169,0.039,0.063,0.066,0.046,0.069,0.03,0.055,1.0,56,26,0.683
2021-22,1610612764,Washington Wizards,1.103,0.865,0.997,0.859,1.204,0.864,1.407,0.889,1.178,1.048,0.608,0.139,0.065,0.243,0.175,0.059,0.051,0.076,0.047,0.053,0.04,0.054,1.0020000000000002,35,47,0.427
2021-22,1610612765,Detroit Pistons,1.123,0.802,0.957,0.77,1.078,0.858,1.209,0.87,1.019,0.906,0.505,0.154,0.061,0.262,0.157,0.058,0.05,0.061,0.042,0.058,0.042,0.056,1.0010000000000003,23,59,0.28
2021-22,1610612766,Charlotte Hornets,1.148,0.95,1.061,0.819,1.166,0.898,1.331,1.012,1.036,0.771,0.567,0.189,0.057,0.264,0.146,0.053,0.063,0.069,0.035,0.047,0.024,0.052,0.999,43,39,0.524
2022-23,1610612737,Atlanta Hawks,1.161,0.959,0.979,0.931,1.262,0.993,1.35,0.955,1.141,1.01,0.608,0.163,0.074,0.21,0.214,0.059,0.03,0.063,0.047,0.059,0.031,0.049,0.999,41,41,0.5
2022-23,1610612738,Boston Celtics,1.177,0.911,1.12,0.956,1.098,1.059,1.322,1.032,1.182,0.996,0.557,0.172,0.08,0.272,0.16,0.046,0.033,0.057,0.059,0.043,0.028,0.049,0.9990000000000004,57,25,0.695
2022-23,1610612739,Cleveland Cavaliers,1.178,0.92,1.019,0.979,1.062,0.97,1.394,0.988,1.167,0.792,0.563,0.155,0.065,0.213,0.196,0.074,0.041,0.09,0.038,0.045,0.032,0.05,0.999,51,31,0.622
2022-23,1610612740,New Orleans Pelicans,1.131,0.891,1.065,0.9,1.134,0.932,1.281,0.963,1.167,0.971,0.473,0.168,0.055,0.232,0.154,0.049,0.054,0.072,0.041,0.059,0.06,0.056,1.0000000000000002,42,40,0.512
2022-23,1610612741,Chicago Bulls,1.162,1.079,1.049,0.94,1.106,0.915,1.334,0.904,1.063,1.119,0.443,0.161,0.064,0.249,0.208,0.074,0.019,0.052,0.026,0.046,0.055,0.046,1.0,40,42,0.488
2022-23,1610612742,Dallas Mavericks,1.114,1.018,1.087,1.028,1.283,0.851,1.355,1.161,1.206,1.127,0.555,0.149,0.122,0.268,0.153,0.062,0.033,0.045,0.031,0.03,0.047,0.06,1.0000000000000002,38,44,0.463
2022-23,1610612743,Denver Nuggets,1.207,0.919,1.058,0.831,1.286,0.868,1.385,0.992,1.164,1.093,0.439,0.177,0.055,0.203,0.133,0.05,0.054,0.092,0.041,0.058,0.076,0.061,1.0000000000000002,53,29,0.646
2022-23,1610612744,Golden State Warriors,1.116,0.895,1.092,0.958,1.124,1.012,1.33,1.029,1.067,0.845,0.455,0.166,0.041,0.21,0.135,0.039,0.07,0.102,0.102,0.047,0.021,0.066,0.999,44,38,0.537
2022-23,1610612745,Houston Rockets,1.071,0.965,0.979,0.842,1.083,0.912,1.159,0.77,1.098,0.985,0.508,0.147,0.067,0.221,0.195,0.059,0.055,0.066,0.019,0.069,0.044,0.059,1.001,22,60,0.268
2022-23,1610612746,LA Clippers,1.128,0.892,1.123,0.948,1.169,0.884,1.333,0.942,0.994,1.046,0.56,0.168,0.086,0.239,0.175,0.04,0.032,0.058,0.044,0.052,0.048,0.059,1.001,44,38,0.537
2022-23,1610612747,Los Angeles Lakers,1.129,0.86,1.037,0.88,1.273,0.967,1.335,0.909,1.16,0.992,0.604,0.184,0.087,0.209,0.169,0.066,0.029,0.069,0.026,0.053,0.052,0.055,0.9990000000000004,43,39,0.524
2022-23,1610612748,Miami Heat,1.154,0.97,1.038,0.935,1.086,0.873,1.262,0.887,1.151,0.943,0.557,0.146,0.068,0.224,0.17,0.064,0.065,0.08,0.04,0.044,0.041,0.059,1.001,44,38,0.537
2022-23,1610612749,Milwaukee Bucks,1.122,0.801,1.068,0.932,1.215,0.887,1.296,0.931,1.154,1.002,0.537,0.176,0.063,0.234,0.147,0.069,0.05,0.057,0.023,0.051,0.07,0.059,0.999,58,24,0.707
2022-23,1610612750,Minnesota Timberwolves,1.158,0.893,1.048,0.937,1.177,0.955,1.338,0.908,1.187,0.955,0.51,0.179,0.07,0.252,0.153,0.05,0.044,0.065,0.045,0.051,0.031,0.059,0.9990000000000004,42,40,0.512
2022-23,1610612751,Brooklyn Nets,1.125,1.073,1.081,0.943,1.134,1.043,1.246,1.056,1.212,1.015,0.596,0.177,0.094,0.246,0.151,0.046,0.056,0.07,0.041,0.039,0.022,0.058,1.0000000000000002,45,37,0.549
2022-23,1610612752,New York Knicks,1.147,0.995,1.031,0.937,1.23,0.994,1.35,0.906,1.129,0.868,0.593,0.165,0.092,0.256,0.177,0.028,0.053,0.059,0.021,0.06,0.037,0.051,0.999,47,35,0.573
2022-23,1610612753,Orlando Magic,1.116,0.815,1.0,0.908,1.089,0.841,1.354,0.968,1.225,0.984,0.595,0.172,0.062,0.228,0.186,0.054,0.057,0.062,0.027,0.055,0.034,0.062,0.999,34,48,0.415
2022-23,1610612754,Indiana Pacers,1.177,0.893,1.014,0.911,1.076,0.992,1.315,0.871,1.106,1.005,0.579,0.202,0.044,0.238,0.177,0.067,0.051,0.057,0.033,0.05,0.024,0.058,1.001,35,47,0.427
2022-23,1610612755,Philadelphia 76ers,1.213,1.038,1.129,0.904,1.209,1.0,1.275,0.836,1.127,1.112,0.524,0.154,0.118,0.243,0.145,0.083,0.027,0.052,0.021,0.045,0.056,0.055,0.9990000000000002,54,28,0.659
2022-23,1610612756,Phoenix Suns,1.096,0.892,1.067,0.887,1.172,0.85,1.238,1.037,1.074,1.002,0.521,0.134,0.045,0.254,0.177,0.066,0.045,0.066,0.041,0.057,0.055,0.059,0.999,45,37,0.549
2022-23,1610612757,Portland Trail Blazers,1.149,0.974,1.031,0.994,1.071,1.081,1.262,1.037,1.085,0.948,0.528,0.151,0.083,0.227,0.178,0.044,0.057,0.072,0.043,0.044,0.041,0.061,1.001,33,49,0.402
2022-23,1610612758,Sacramento Kings,1.102,1.039,1.089,0.959,1.197,1.074,1.349,0.956,1.153,0.988,0.659,0.203,0.048,0.234,0.131,0.041,0.091,0.088,0.029,0.044,0.037,0.055,1.001,48,34,0.585
2022-23,1610612759,San Antonio Spurs,1.07,0.728,0.995,0.861,1.049,0.908,1.255,0.939,1.21,0.986,0.413,0.162,0.032,0.242,0.167,0.047,0.074,0.077,0.036,0.06,0.044,0.057,0.998,22,60,0.268
2022-23,1610612760,Oklahoma City Thunder,1.143,0.985,0.993,0.91,1.069,1.053,1.278,1.089,0.988,1.0,0.565,0.19,0.079,0.256,0.184,0.052,0.032,0.073,0.021,0.051,0.016,0.045,0.9990000000000002,40,42,0.488
2022-23,1610612761,Toronto Raptors,1.135,0.852,1.001,0.871,1.023,0.936,1.259,0.906,1.134,0.937,0.576,0.186,0.077,0.218,0.157,0.052,0.034,0.078,0.028,0.07,0.053,0.046,0.9990000000000002,41,41,0.5
2022-23,1610612762,Utah Jazz,1.098,1.037,1.043,0.891,1.181,1.035,1.27,1.011,1.132,0.874,0.514,0.165,0.055,0.222,0.164,0.044,0.057,0.07,0.077,0.061,0.022,0.063,1.0,37,45,0.451
2022-23,1610612763,Memphis Grizzlies,1.137,0.84,0.991,0.88,1.238,0.955,1.347,0.975,1.116,0.99,0.552,0.198,0.045,0.224,0.182,0.045,0.052,0.071,0.038,0.061,0.032,0.054,1.0020000000000002,51,31,0.622
2022-23,1610612764,Washington Wizards,1.154,0.931,1.02,0.887,1.192,0.981,1.346,0.942,1.232,1.02,0.582,0.152,0.064,0.239,0.167,0.058,0.048,0.071,0.042,0.054,0.046,0.059,1.0000000000000002,35,47,0.427
2022-23,1610612765,Detroit Pistons,1.137,0.838,0.998,0.826,1.174,0.824,1.256,1.057,1.155,0.849,0.53,0.157,0.066,0.234,0.202,0.049,0.029,0.061,0.038,0.059,0.044,0.061,1.0,17,65,0.207
2022-23,1610612766,Charlotte Hornets,1.091,0.899,0.959,0.81,1.172,1.018,1.297,0.814,1.148,0.945,0.496,0.177,0.04,0.236,0.188,0.056,0.049,0.067,0.046,0.063,0.025,0.052,0.9990000000000002,27,55,0.329
2023-24,1610612737,Atlanta Hawks,1.094,0.965,1.072,0.937,1.249,0.878,1.269,1.015,1.058,0.951,0.506,0.165,0.066,0.224,0.181,0.062,0.056,0.066,0.041,0.069,0.022,0.048,1.0000000000000002,36,46,0.439
2023-24,1610612738,Boston Celtics,1.188,1.009,1.169,0.914,1.229,0.844,1.378,1.19,1.09,1.126,0.607,0.18,0.09,0.233,0.146,0.056,0.033,0.058,0.033,0.05,0.073,0.048,1.0000000000000002,64,18,0.78
2023-24,1610612739,Cleveland Cavaliers,1.177,0.868,1.071,0.878,1.162,0.934,1.337,0.859,1.22,0.831,0.508,0.166,0.053,0.228,0.178,0.066,0.063,0.096,0.038,0.044,0.016,0.052,1.0,48,34,0.585
2023-24,1610612740,New Orleans Pelicans,1.126,0.999,1.112,0.934,1.107,0.931,1.333,1.075,1.167,0.992,0.479,0.169,0.077,0.249,0.143,0.044,0.057,0.06,0.036,0.055,0.055,0.053,0.9980000000000004,49,33,0.598
2023-24,1610612741,Chicago Bulls,1.148,0.975,0.997,0.963,1.093,0.931,1.309,0.978,1.019,0.987,0.585,0.143,0.054,0.285,0.194,0.079,0.024,0.044,0.015,0.058,0.062,0.042,1.0,39,43,0.476
2023-24,1610612742,Dallas Mavericks,1.143,1.051,1.061,0.986,1.127,1.016,1.352,0.878,1.153,0.996,0.627,0.185,0.105,0.24,0.163,0.055,0.047,0.055,0.032,0.042,0.024,0.049,0.9970000000000004,50,32,0.61
2023-24,1610612743,Denver Nuggets,1.113,0.852,1.1,0.888,1.238,0.97,1.356,1.087,1.116,1.098,0.501,0.16,0.055,0.203,0.13,0.052,0.064,0.089,0.045,0.066,0.078,0.058,1.0,57,25,0.695
2023-24,1610612744,Golden State Warriors,1.094,1.028,1.04,0.911,1.063,1.022,1.297,1.115,1.058,0.906,0.517,0.149,0.049,0.21,0.142,0.051,0.049,0.105,0.098,0.053,0.038,0.056,1.0000000000000002,46,36,0.561
2023-24,1610612745,Houston Rockets,1.104,0.798,1.029,0.94,1.151,1.013,1.218,0.928,1.137,0.97,0.52,0.185,0.068,0.213,0.177,0.073,0.041,0.057,0.027,0.058,0.05,0.051,1.0000000000000002,41,41,0.5
2023-24,1610612746,LA Clippers,1.13,1.051,1.109,0.945,1.163,0.961,1.351,1.037,1.111,1.062,0.478,0.178,0.12,0.22,0.146,0.052,0.032,0.072,0.04,0.049,0.045,0.047,1.001,51,31,0.622
2023-24,1610612747,Los Angeles Lakers,1.194,0.906,1.064,0.923,1.188,0.927,1.397,1.027,1.113,1.025,0.641,0.186,0.068,0.214,0.161,0.079,0.035,0.072,0.021,0.044,0.066,0.054,1.0,47,35,0.573
2023-24,1610612748,Miami Heat,1.124,1.012,1.06,0.89,1.05,0.959,1.248,1.118,1.114,0.982,0.569,0.162,0.064,0.247,0.143,0.057,0.05,0.079,0.032,0.048,0.063,0.055,1.0,46,36,0.561
2023-24,1610612749,Milwaukee Bucks,1.171,0.959,1.099,0.978,1.12,1.042,1.391,0.926,1.199,0.97,0.56,0.168,0.076,0.233,0.158,0.066,0.046,0.061,0.023,0.049,0.071,0.05,1.001,49,33,0.598
2023-24,1610612750,Minnesota Timberwolves,1.181,0.927,1.046,0.885,1.269,0.928,1.266,1.017,1.228,1.013,0.606,0.149,0.074,0.272,0.144,0.056,0.038,0.061,0.048,0.052,0.054,0.052,1.0000000000000002,56,26,0.683
2023-24,1610612751,Brooklyn Nets,1.086,0.885,1.06,0.848,1.138,0.975,1.212,0.968,1.127,1.067,0.568,0.161,0.077,0.253,0.188,0.049,0.062,0.062,0.027,0.057,0.015,0.051,1.0020000000000002,32,50,0.39
2023-24,1610612752,New York Knicks,1.178,0.876,1.048,0.954,1.032,0.924,1.27,1.049,1.098,0.883,0.555,0.166,0.072,0.25,0.182,0.036,0.065,0.061,0.027,0.06,0.034,0.047,1.0,50,32,0.61
2023-24,1610612753,Orlando Magic,1.099,0.946,1.043,0.833,1.125,0.937,1.358,0.912,1.129,0.896,0.55,0.157,0.066,0.23,0.18,0.065,0.041,0.086,0.025,0.056,0.043,0.052,1.001,47,35,0.573
2023-24,1610612754,Indiana Pacers,1.16,0.988,1.067,0.959,1.336,0.961,1.4,0.991,1.23,1.112,0.547,0.2,0.044,0.238,0.181,0.07,0.039,0.069,0.026,0.048,0.035,0.051,1.0010000000000003,47,35,0.573
2023-24,1610612755,Philadelphia 76ers,1.188,0.946,1.054,0.929,1.101,0.91,1.239,0.954,1.126,1.073,0.554,0.167,0.092,0.208,0.152,0.062,0.059,0.067,0.029,0.062,0.048,0.054,1.0,47,35,0.573
2023-24,1610612756,Phoenix Suns,1.224,0.953,1.087,1.014,1.072,0.934,1.376,0.974,1.012,0.91,0.517,0.159,0.083,0.266,0.139,0.051,0.041,0.069,0.035,0.046,0.05,0.06,0.999,49,33,0.598
2023-24,1610612757,Portland Trail Blazers,1.006,0.777,1.008,0.817,0.979,0.86,1.201,0.954,1.154,0.909,0.466,0.154,0.068,0.247,0.185,0.066,0.043,0.052,0.035,0.071,0.03,0.051,1.002,21,61,0.256
2023-24,1610612758,Sacramento Kings,1.131,0.895,1.04,0.924,1.234,0.998,1.277,0.914,1.16,0.909,0.511,0.191,0.05,0.243,0.138,0.047,0.102,0.08,0.02,0.047,0.036,0.046,1.0,46,36,0.561
2023-24,1610612759,San Antonio Spurs,1.122,0.949,0.982,0.851,1.069,0.878,1.308,1.083,1.063,0.887,0.366,0.187,0.038,0.253,0.143,0.067,0.058,0.08,0.023,0.049,0.047,0.054,0.999,22,60,0.268
2023-24,1610612760,Oklahoma City Thunder,1.162,1.011,1.106,1.003,1.204,0.949,1.35,1.069,1.115,1.025,0.587,0.207,0.082,0.254,0.173,0.06,0.033,0.068,0.026,0.038,0.018,0.042,1.001,57,25,0.695
2023-24,1610612761,Toronto Raptors,1.134,0.815,1.016,0.803,1.049,0.842,1.323,0.978,1.111,0.967,0.506,0.206,0.046,0.246,0.137,0.048,0.049,0.083,0.04,0.055,0.039,0.051,1.0000000000000002,25,57,0.305
2023-24,1610612762,Utah Jazz,1.12,0.883,1.017,0.84,1.269,0.903,1.299,1.002,1.213,0.988,0.468,0.168,0.062,0.232,0.156,0.051,0.045,0.071,0.067,0.063,0.027,0.058,1.0,31,51,0.378
2023-24,1610612763,Memphis Grizzlies,1.091,0.875,0.981,0.804,0.961,0.823,1.24,0.957,1.0,0.934,0.527,0.164,0.055,0.294,0.15,0.051,0.05,0.055,0.035,0.052,0.037,0.058,1.0010000000000003,27,55,0.329
2023-24,1610612764,Washington Wizards,1.168,0.885,1.016,0.826,1.135,0.836,1.276,1.062,1.113,0.939,0.526,0.198,0.057,0.226,0.171,0.058,0.052,0.064,0.047,0.053,0.021,0.051,0.9980000000000002,15,67,0.183
2023-24,1610612765,Detroit Pistons,1.101,0.884,0.97,0.871,1.159,0.963,1.307,0.953,1.077,0.95,0.437,0.171,0.048,0.241,0.212,0.049,0.047,0.063,0.033,0.055,0.03,0.051,1.0000000000000002,14,68,0.171
2023-24,1610612766,Charlotte Hornets,1.115,0.853,0.972,0.876,1.126,0.972,1.315,1.093,1.195,0.986,0.431,0.15,0.053,0.245,0.222,0.058,0.041,0.061,0.046,0.049,0.024,0.05,0.9990000000000002,21,61,0.256
2024-25,1610612737,Atlanta Hawks,1.115,0.791,1.038,0.913,1.115,0.918,1.276,0.878,1.014,0.934,0.552,0.211,0.041,0.216,0.163,0.075,0.054,0.086,0.029,0.058,0.014,0.053,1.0,40,42,0.488
2024-25,1610612738,Boston Celtics,1.13,0.956,1.147,0.967,1.08,1.004,1.364,1.106,1.014,1.05,0.497,0.16,0.1,0.242,0.154,0.061,0.029,0.059,0.04,0.046,0.06,0.049,1.0000000000000002,61,21,0.744
2024-25,1610612739,Cleveland Cavaliers,1.195,0.867,1.089,0.989,1.174,0.981,1.427,0.956,1.096,1.066,0.657,0.175,0.055,0.222,0.218,0.069,0.046,0.08,0.03,0.043,0.016,0.047,1.001,64,18,0.78
2024-25,1610612740,New Orleans Pelicans,1.136,0.824,1.022,0.81,1.05,0.872,1.176,0.918,1.11,0.899,0.501,0.174,0.069,0.224,0.178,0.058,0.056,0.067,0.042,0.061,0.02,0.05,0.999,21,61,0.256
2024-25,1610612741,Chicago Bulls,1.145,0.991,1.01,0.903,1.139,0.91,1.389,0.903,1.081,0.926,0.495,0.243,0.045,0.258,0.159,0.065,0.03,0.054,0.025,0.043,0.032,0.045,0.9990000000000002,39,43,0.476
2024-25,1610612742,Dallas Mavericks,1.107,0.952,1.037,0.923,1.075,0.993,1.347,0.947,1.223,1.004,0.545,0.198,0.1,0.226,0.153,0.045,0.049,0.071,0.033,0.043,0.031,0.051,1.0000000000000002,39,43,0.476
2024-25,1610612743,Denver Nuggets,1.176,0.919,1.093,0.907,1.195,0.948,1.38,0.952,1.134,1.03,0.514,0.198,0.05,0.179,0.121,0.052,0.062,0.1,0.047,0.062,0.071,0.057,0.9990000000000002,50,32,0.61
2024-25,1610612744,Golden State Warriors,1.138,0.837,1.075,0.818,1.056,0.893,1.271,1.052,0.955,0.939,0.488,0.177,0.05,0.233,0.134,0.041,0.052,0.101,0.077,0.053,0.023,0.06,1.001,48,34,0.585
2024-25,1610612745,Houston Rockets,1.11,0.842,0.982,0.884,0.994,0.904,1.252,0.957,1.063,1.087,0.499,0.181,0.076,0.211,0.171,0.056,0.045,0.065,0.022,0.072,0.053,0.05,1.0020000000000002,52,30,0.634
2024-25,1610612746,LA Clippers,1.125,0.972,1.114,0.901,1.075,0.99,1.358,0.952,1.087,1.044,0.412,0.191,0.12,0.199,0.146,0.052,0.043,0.066,0.028,0.054,0.048,0.053,1.0000000000000002,50,32,0.61
2024-25,1610612747,Los Angeles Lakers,1.14,0.983,1.118,0.914,1.157,0.885,1.35,1.074,1.121,0.971,0.492,0.172,0.09,0.217,0.159,0.065,0.039,0.07,0.035,0.044,0.05,0.06,1.001,50,32,0.61
2024-25,1610612748,Miami Heat,1.16,0.874,1.081,0.882,1.062,1.033,1.264,1.008,1.024,0.911,0.472,0.165,0.066,0.244,0.162,0.063,0.055,0.07,0.041,0.047,0.039,0.047,0.999,37,45,0.451
2024-25,1610612749,Milwaukee Bucks,1.16,0.939,1.107,0.965,1.166,1.056,1.333,0.984,1.223,0.957,0.535,0.172,0.084,0.218,0.153,0.073,0.058,0.06,0.021,0.04,0.068,0.053,1.0,48,34,0.585
2024-25,1610612750,Minnesota Timberwolves,1.136,0.873,1.081,0.92,1.114,0.961,1.338,1.0,1.158,1.013,0.472,0.153,0.078,0.256,0.163,0.057,0.045,0.059,0.049,0.058,0.033,0.048,0.9990000000000004,49,33,0.598
2024-25,1610612751,Brooklyn Nets,1.081,0.876,1.015,0.833,0.929,0.894,1.218,1.0,1.075,0.891,0.445,0.178,0.057,0.271,0.14,0.042,0.081,0.064,0.034,0.055,0.02,0.058,1.0,26,56,0.317
2024-25,1610612752,New York Knicks,1.182,0.926,1.076,0.999,1.132,0.927,1.293,0.962,1.135,0.956,0.464,0.183,0.073,0.239,0.15,0.045,0.045,0.076,0.038,0.056,0.048,0.048,1.001,51,31,0.622
2024-25,1610612753,Orlando Magic,1.106,0.861,0.992,0.836,1.005,0.828,1.305,0.776,1.09,0.978,0.55,0.164,0.072,0.222,0.181,0.063,0.04,0.077,0.032,0.055,0.036,0.057,0.999,41,41,0.5
2024-25,1610612754,Indiana Pacers,1.167,0.933,1.039,0.955,1.162,1.014,1.335,1.193,1.09,1.094,0.585,0.202,0.056,0.228,0.174,0.071,0.039,0.06,0.022,0.044,0.048,0.055,0.999,50,32,0.61
2024-25,1610612755,Philadelphia 76ers,1.149,0.899,1.043,0.87,1.083,0.883,1.326,0.895,1.04,0.953,0.507,0.174,0.094,0.238,0.17,0.06,0.042,0.051,0.03,0.055,0.033,0.054,1.001,24,58,0.293
2024-25,1610612756,Phoenix Suns,1.155,1.054,1.099,0.887,1.107,0.929,1.228,1.121,1.125,0.987,0.5,0.154,0.065,0.285,0.164,0.065,0.032,0.068,0.054,0.037,0.026,0.051,1.0010000000000003,36,46,0.439
2024-25,1610612757,Portland Trail Blazers,1.026,0.876,1.007,0.887,1.108,0.959,1.144,0.875,1.106,0.885,0.499,0.187,0.076,0.242,0.18,0.049,0.047,0.051,0.031,0.066,0.016,0.053,0.9980000000000004,36,46,0.439
2024-25,1610612758,Sacramento Kings,1.126,0.911,1.042,0.974,1.085,0.956,1.298,1.12,1.163,1.066,0.472,0.174,0.072,0.23,0.15,0.054,0.077,0.065,0.024,0.052,0.053,0.048,0.9990000000000002,40,42,0.488
2024-25,1610612759,San Antonio Spurs,1.145,0.902,1.042,0.841,1.148,0.905,1.301,1.022,1.054,1.004,0.507,0.199,0.069,0.265,0.138,0.064,0.048,0.06,0.03,0.05,0.029,0.048,1.0000000000000002,34,48,0.415
2024-25,1610612760,Oklahoma City Thunder,1.174,1.034,1.08,0.965,1.144,0.987,1.34,0.972,1.114,0.91,0.539,0.193,0.09,0.244,0.177,0.058,0.042,0.077,0.027,0.036,0.015,0.041,1.0,68,14,0.829
2024-25,1610612761,Toronto Raptors,1.051,0.832,1.021,0.809,1.119,0.831,1.166,0.962,1.057,0.94,0.363,0.217,0.041,0.212,0.135,0.058,0.057,0.093,0.041,0.061,0.03,0.054,0.999,30,52,0.366
2024-25,1610612762,Utah Jazz,1.09,0.837,1.021,0.831,1.03,1.002,1.31,0.982,1.092,0.888,0.416,0.177,0.076,0.208,0.15,0.056,0.062,0.068,0.065,0.061,0.017,0.06,1.0,17,65,0.207
2024-25,1610612763,Memphis Grizzlies,1.148,0.914,1.023,0.824,1.127,0.959,1.272,1.097,1.129,1.089,0.511,0.242,0.076,0.28,0.102,0.035,0.02,0.068,0.026,0.057,0.039,0.055,1.0000000000000002,48,34,0.585
2024-25,1610612764,Washington Wizards,1.072,0.832,0.949,0.844,1.029,0.873,1.243,0.957,1.049,0.942,0.429,0.194,0.043,0.213,0.18,0.074,0.058,0.063,0.038,0.056,0.026,0.056,1.001,18,64,0.22
2024-25,1610612765,Detroit Pistons,1.135,0.87,1.064,0.887,1.113,0.995,1.339,1.021,1.123,1.031,0.431,0.203,0.059,0.185,0.171,0.047,0.068,0.062,0.046,0.06,0.039,0.06,1.0000000000000002,44,38,0.537
2024-25,1610612766,Charlotte Hornets,1.023,0.913,1.004,0.803,1.047,0.815,1.255,0.873,1.089,1.0,0.384,0.163,0.06,0.211,0.209,0.067,0.056,0.062,0.042,0.053,0.02,0.057,1.0000000000000002,19,63,0.232
